{
    "count": 7374, 
    "stops": [
        {
            "avg_delay_arrival": 0.0, 
            "avg_delay_departure": 27.468800868149756, 
            "bssids": [], 
            "delay_arrival_gte2": 0.0, 
            "delay_arrival_gte5": 0.0, 
            "gtfs_stop_id": 1600, 
            "latlon": [
                33.005016, 
                35.098722
            ], 
            "stop_id": 1600, 
            "stop_name": "Nahariyya", 
            "stop_short_name": "\u05e0\u05d4\u05e8\u05d9\u05d4"
        }, 
        {
            "avg_delay_arrival": -48.979924036896364, 
            "avg_delay_departure": 26.166576234400434, 
            "bssids": [
                "b4c7999c4e50", 
                "b4c799a3e1d0", 
                "b4c7999c59c0", 
                "b4c7998311f0"
            ], 
            "delay_arrival_gte2": 0.059956592512208355, 
            "delay_arrival_gte5": 0.01410743353228432, 
            "gtfs_stop_id": 1500, 
            "latlon": [
                32.928293, 
                35.082959
            ], 
            "stop_id": 1500, 
            "stop_name": "Akko", 
            "stop_short_name": "\u05e2\u05db\u05d5"
        }, 
        {
            "avg_delay_arrival": -118.49430276722735, 
            "avg_delay_departure": -119.10472056429734, 
            "bssids": [
                "b4c79982aab0", 
                "b4c79982b950"
            ], 
            "delay_arrival_gte2": 0.040694519804666304, 
            "delay_arrival_gte5": 0.01112316874660879, 
            "gtfs_stop_id": 800, 
            "latlon": [
                32.833081, 
                35.069947
            ], 
            "stop_id": 800, 
            "stop_name": "Kiryat Motzkin", 
            "stop_short_name": "\u05e7\u05e8\u05d9\u05d9\u05ea \u05de\u05d5\u05e6\u05e7\u05d9\u05df"
        }, 
        {
            "avg_delay_arrival": -120.4639175257732, 
            "avg_delay_departure": -120.75691806836679, 
            "bssids": [
                "b4c7998250c0", 
                "b4c79982aac0", 
                "b4c7999c43d0"
            ], 
            "delay_arrival_gte2": 0.0385241454150841, 
            "delay_arrival_gte5": 0.010444926749864351, 
            "gtfs_stop_id": 700, 
            "latlon": [
                32.824873, 
                35.064296
            ], 
            "stop_id": 700, 
            "stop_name": "Kiryat Hayyim", 
            "stop_short_name": "\u05e7\u05e8\u05d9\u05d9\u05ea \u05d7\u05d9\u05d9\u05dd"
        }, 
        {
            "avg_delay_arrival": -16.82311448724905, 
            "avg_delay_departure": -18.922951709169833, 
            "bssids": [], 
            "delay_arrival_gte2": 0.04598480737927292, 
            "delay_arrival_gte5": 0.00935973955507325, 
            "gtfs_stop_id": 1300, 
            "latlon": [
                32.809439, 
                35.054525
            ], 
            "stop_id": 1300, 
            "stop_name": "Hutsot HaMifrats", 
            "stop_short_name": "\u05d7\u05d5\u05e6\u05d5\u05ea \u05d4\u05de\u05e4\u05e8\u05e5"
        }, 
        {
            "avg_delay_arrival": -36.975040694519805, 
            "avg_delay_departure": -38.38307107976126, 
            "bssids": [
                "b4c7991ffd10", 
                "b4c79982bcd0"
            ], 
            "delay_arrival_gte2": 0.051817688551275096, 
            "delay_arrival_gte5": 0.014243081931633208, 
            "gtfs_stop_id": 1220, 
            "latlon": [
                32.793891, 
                35.037152
            ], 
            "stop_id": 1220, 
            "stop_name": "Leb Hmifratz", 
            "stop_short_name": "\u05dc\u05d1 \u05d4\u05de\u05e4\u05e8\u05e5"
        }, 
        {
            "avg_delay_arrival": -3.060227889310906, 
            "avg_delay_departure": 34.329896907216494, 
            "bssids": [
                "b4c7998286b0", 
                "b4c7999c5200"
            ], 
            "delay_arrival_gte2": 0.11421595225176343, 
            "delay_arrival_gte5": 0.02224633749321758, 
            "gtfs_stop_id": 2100, 
            "latlon": [
                32.822229, 
                34.997102
            ], 
            "stop_id": 2100, 
            "stop_name": "Haifa Center HaShmona", 
            "stop_short_name": "\u05d7\u05d9\u05e4\u05d4 \u05de\u05e8\u05db\u05d6"
        }, 
        {
            "avg_delay_arrival": 6.486706456863809, 
            "avg_delay_departure": 28.461747151383612, 
            "bssids": [
                "b4c799825300", 
                "b4c79982a1a0", 
                "b4c79982bd90", 
                "b4c799830840"
            ], 
            "delay_arrival_gte2": 0.14527943570265872, 
            "delay_arrival_gte5": 0.029435702658708627, 
            "gtfs_stop_id": 2200, 
            "latlon": [
                32.83061, 
                34.98187
            ], 
            "stop_id": 2200, 
            "stop_name": "Haifa Bat Gallim", 
            "stop_short_name": "\u05d1\u05ea \u05d2\u05dc\u05d9\u05dd"
        }, 
        {
            "avg_delay_arrival": -15.765056972327727, 
            "avg_delay_departure": -6.576234400434075, 
            "bssids": [
                "b4c79982aaa0", 
                "b4c79982b980", 
                "b4c79982bc30", 
                "b4c79982b980", 
                "b4c799830850"
            ], 
            "delay_arrival_gte2": 0.1211340206185567, 
            "delay_arrival_gte5": 0.02821486706456864, 
            "gtfs_stop_id": 2300, 
            "latlon": [
                32.793539, 
                34.957531
            ], 
            "stop_id": 2300, 
            "stop_name": "Haifa Hof HaKarmel (Razi'el)", 
            "stop_short_name": "\u05d7\u05d5\u05e3 \u05d4\u05db\u05e8\u05de\u05dc"
        }, 
        {
            "avg_delay_arrival": -4.476397178513293, 
            "avg_delay_departure": 9.522517634291916, 
            "bssids": [], 
            "delay_arrival_gte2": 0.17213781877373846, 
            "delay_arrival_gte5": 0.041101465002712965, 
            "gtfs_stop_id": 2500, 
            "latlon": [
                32.692895, 
                34.940439
            ], 
            "stop_id": 2500, 
            "stop_name": "Atlit", 
            "stop_short_name": "\u05e2\u05ea\u05dc\u05d9\u05ea"
        }, 
        {
            "avg_delay_arrival": -28.917525773195877, 
            "avg_delay_departure": 11.370048833423766, 
            "bssids": [
                "b4c79982ba70", 
                "b4c79982b7d0", 
                "b4c79982abc0"
            ], 
            "delay_arrival_gte2": 0.1420238741182854, 
            "delay_arrival_gte5": 0.042051003798155184, 
            "gtfs_stop_id": 2800, 
            "latlon": [
                32.514484, 
                34.949991
            ], 
            "stop_id": 2800, 
            "stop_name": "Binyamina", 
            "stop_short_name": "\u05d1\u05e0\u05d9\u05de\u05d9\u05e0\u05d4"
        }, 
        {
            "avg_delay_arrival": 30.553445469343462, 
            "avg_delay_departure": 30.439500813890398, 
            "bssids": [
                "b4c799a3dd40", 
                "b4c799a3e170"
            ], 
            "delay_arrival_gte2": 0.19763971785132936, 
            "delay_arrival_gte5": 0.05575149213239284, 
            "gtfs_stop_id": 2820, 
            "latlon": [
                32.485366, 
                34.95406
            ], 
            "stop_id": 2820, 
            "stop_name": "Kesariyya - Pardes Hanna", 
            "stop_short_name": "\u05e7\u05d9\u05e1\u05e8\u05d9\u05d4"
        }, 
        {
            "avg_delay_arrival": -21.234400434074878, 
            "avg_delay_departure": -11.060770482908302, 
            "bssids": [
                "b4c79982ab10", 
                "b4c79982a110"
            ], 
            "delay_arrival_gte2": 0.14148128052088985, 
            "delay_arrival_gte5": 0.04801953336950624, 
            "gtfs_stop_id": 3100,