{
    "count": 7374, 
    "stops": [
        {
            "avg_delay_arrival": 0.0, 
            "avg_delay_departure": 27.62997386000581, 
            "bssids": [], 
            "delay_arrival_gte2": 0.0, 
            "delay_arrival_gte5": 0.0, 
            "gtfs_stop_id": 1600, 
            "latlon": [
                33.005016, 
                35.098722
            ], 
            "stop_id": 1600, 
            "stop_name": "Nahariyya", 
            "stop_short_name": "\u05e0\u05d4\u05e8\u05d9\u05d4"
        }, 
        {
            "avg_delay_arrival": -48.06273598605867, 
            "avg_delay_departure": 28.980540226546616, 
            "bssids": [
                "b4c7999c4e50", 
                "b4c799a3e1d0", 
                "b4c7999c59c0", 
                "b4c7998311f0"
            ], 
            "delay_arrival_gte2": 0.06273598605866977, 
            "delay_arrival_gte5": 0.014812663374963694, 
            "gtfs_stop_id": 1500, 
            "latlon": [
                32.928293, 
                35.082959
            ], 
            "stop_id": 1500, 
            "stop_name": "Akko", 
            "stop_short_name": "\u05e2\u05db\u05d5"
        }, 
        {
            "avg_delay_arrival": -118.17891373801918, 
            "avg_delay_departure": -118.76270694162068, 
            "bssids": [
                "b4c79982aab0", 
                "b4c79982b950"
            ], 
            "delay_arrival_gte2": 0.04153354632587859, 
            "delay_arrival_gte5": 0.011472553006099333, 
            "gtfs_stop_id": 800, 
            "latlon": [
                32.833081, 
                35.069947
            ], 
            "stop_id": 800, 
            "stop_name": "Kiryat Motzkin", 
            "stop_short_name": "\u05e7\u05e8\u05d9\u05d9\u05ea \u05de\u05d5\u05e6\u05e7\u05d9\u05df"
        }, 
        {
            "avg_delay_arrival": -120.13069997095556, 
            "avg_delay_departure": -120.4182399070578, 
            "bssids": [
                "b4c7998250c0", 
                "b4c79982aac0", 
                "b4c7999c43d0"
            ], 
            "delay_arrival_gte2": 0.039209991286668605, 
            "delay_arrival_gte5": 0.010746442056346209, 
            "gtfs_stop_id": 700, 
            "latlon": [
                32.824873, 
                35.064296
            ], 
            "stop_id": 700, 
            "stop_name": "Kiryat Hayyim", 
            "stop_short_name": "\u05e7\u05e8\u05d9\u05d9\u05ea \u05d7\u05d9\u05d9\u05dd"
        }, 
        {
            "avg_delay_arrival": -15.248329944815568, 
            "avg_delay_departure": -17.51379610804531, 
            "bssids": [], 
            "delay_arrival_gte2": 0.0463258785942492, 
            "delay_arrival_gte5": 0.009584664536741214, 
            "gtfs_stop_id": 1300, 
            "latlon": [
                32.809439, 
                35.054525
            ], 
            "stop_id": 1300, 
            "stop_name": "Hutsot HaMifrats", 
            "stop_short_name": "\u05d7\u05d5\u05e6\u05d5\u05ea \u05d4\u05de\u05e4\u05e8\u05e5"
        }, 
        {
            "avg_delay_arrival": -36.36073191983735, 
            "avg_delay_departure": -37.650304966598895, 
            "bssids": [
                "b4c7991ffd10", 
                "b4c79982bcd0"
            ], 
            "delay_arrival_gte2": 0.05227998838222481, 
            "delay_arrival_gte5": 0.01466744118501307, 
            "gtfs_stop_id": 1220, 
            "latlon": [
                32.793891, 
                35.037152
            ], 
            "stop_id": 1220, 
            "stop_name": "Leb Hmifratz", 
            "stop_short_name": "\u05dc\u05d1 \u05d4\u05de\u05e4\u05e8\u05e5"
        }, 
        {
            "avg_delay_arrival": -0.3485332558814987, 
            "avg_delay_departure": 37.12750508277665, 
            "bssids": [
                "b4c7998286b0", 
                "b4c7999c5200"
            ], 
            "delay_arrival_gte2": 0.11748475167005519, 
            "delay_arrival_gte5": 0.02279988382224804, 
            "gtfs_stop_id": 2100, 
            "latlon": [
                32.822229, 
                34.997102
            ], 
            "stop_id": 2100, 
            "stop_name": "Haifa Center HaShmona", 
            "stop_short_name": "\u05d7\u05d9\u05e4\u05d4 \u05de\u05e8\u05db\u05d6"
        }, 
        {
            "avg_delay_arrival": 9.114144641301191, 
            "avg_delay_departure": 33.10194597734534, 
            "bssids": [
                "b4c799825300", 
                "b4c79982a1a0", 
                "b4c79982bd90", 
                "b4c799830840"
            ], 
            "delay_arrival_gte2": 0.15001452221899506, 
            "delay_arrival_gte5": 0.03064188207958176, 
            "gtfs_stop_id": 2200, 
            "latlon": [
                32.83061, 
                34.98187
            ], 
            "stop_id": 2200, 
            "stop_name": "Haifa Bat Gallim", 
            "stop_short_name": "\u05d1\u05ea \u05d2\u05dc\u05d9\u05dd"
        }, 
        {
            "avg_delay_arrival": -11.370897473133894, 
            "avg_delay_departure": -0.04356665698518734, 
            "bssids": [
                "b4c79982aaa0", 
                "b4c79982b980", 
                "b4c79982bc30", 
                "b4c79982b980", 
                "b4c799830850"
            ], 
            "delay_arrival_gte2": 0.12663374963694451, 
            "delay_arrival_gte5": 0.029480104559976763, 
            "gtfs_stop_id": 2300, 
            "latlon": [
                32.793539, 
                34.957531
            ], 
            "stop_id": 2300, 
            "stop_name": "Haifa Hof HaKarmel (Razi'el)", 
            "stop_short_name": "\u05d7\u05d5\u05e3 \u05d4\u05db\u05e8\u05de\u05dc"
        }, 
        {
            "avg_delay_arrival": 1.7426662794074934, 
            "avg_delay_departure": 11.248910833575371, 
            "bssids": [], 
            "delay_arrival_gte2": 0.18094684867847807, 
            "delay_arrival_gte5": 0.04327621260528609, 
            "gtfs_stop_id": 2500, 
            "latlon": [
                32.692895, 
                34.940439
            ], 
            "stop_id": 2500, 
            "stop_name": "Atlit", 
            "stop_short_name": "\u05e2\u05ea\u05dc\u05d9\u05ea"
        }, 
        {
            "avg_delay_arrival": -28.780133604414754, 
            "avg_delay_departure": 11.04850421144351, 
            "bssids": [
                "b4c79982ba70", 
                "b4c79982b7d0", 
                "b4c79982abc0"
            ], 
            "delay_arrival_gte2": 0.14536741214057508, 
            "delay_arrival_gte5": 0.04342143479523671, 
            "gtfs_stop_id": 2800, 
            "latlon": [
                32.514484, 
                34.949991
            ], 
            "stop_id": 2800, 
            "stop_name": "Binyamina", 
            "stop_short_name": "\u05d1\u05e0\u05d9\u05de\u05d9\u05e0\u05d4"
        }, 
        {
            "avg_delay_arrival": 31.280859715364507, 
            "avg_delay_departure": 31.185013069997094, 
            "bssids": [
                "b4c799a3dd40", 
                "b4c799a3e170"
            ], 
            "delay_arrival_gte2": 0.1988091780424049, 
            "delay_arrival_gte5": 0.05750798722044728, 
            "gtfs_stop_id": 2820, 
            "latlon": [
                32.485366, 
                34.95406
            ], 
            "stop_id": 2820, 
            "stop_name": "Kesariyya - Pardes Hanna", 
            "stop_short_name": "\u05e7\u05d9\u05e1\u05e8\u05d9\u05d4"
        }, 
        {
            "avg_delay_arrival": -20.894568690095845, 
            "avg_delay_departure": -10.987510891664247, 
            "bssids": [
                "b4c79982ab10", 
                "b4c79982a110"
            ], 
            "delay_arrival_gte2": 0.14376996805111822, 
            "delay_arrival_gte5": 0.04923032239326169, 
            "gtfs_stop_id": 3100,